<?xml version="1.0" encoding="UTF-8"?>
<project-private xmlns="http://www.netbeans.org/ns/project-private/1">
    <editor-bookmarks xmlns="http://www.netbeans.org/ns/editor-bookmarks/2" lastBookmarkId="0"/>
    <open-files xmlns="http://www.netbeans.org/ns/projectui-open-files/2">
        <group>
            <file>file:/C:/Users/Anurag/OneDrive/Documents/NetBeansProjects/Landlord%20Tenent%20management%20System/src/landlord/tenent/management/system/fullhistory.java</file>
            <file>file:/C:/Users/Anurag/OneDrive/Documents/NetBeansProjects/Landlord%20Tenent%20management%20System/src/project/ConnectionProvider.java</file>
            <file>file:/C:/Users/Anurag/OneDrive/Documents/NetBeansProjects/Landlord%20Tenent%20management%20System/src/landlord/tenent/management/system/register.java</file>
            <file>file:/C:/Users/Anurag/OneDrive/Documents/NetBeansProjects/Landlord%20Tenent%20management%20System/src/landlord/tenent/management/system/addNewTenentRecord.java</file>
        </group>
    </open-files>
</project-private>
